{
  "abs_th": 0.15840201079845428,
  "rel_th": 0.03540120646357536,
  "meta": {
    "method": "annulus_patch_darkness",
    "r_in_ratio": 0.55,
    "r_out_ratio": 0.9
  }
}