{
  "1": [
    106.90388488769531,
    81.90392303466797
  ],
  "2": [
    107.00321960449219,
    3414.99609375
  ],
  "3": [
    2370.98486328125,
    81.8969955444336
  ],
  "4": [
    2372.08447265625,
    3415.691162109375
  ],
  "7": [
    1262.0008544921875,
    200.74977111816406
  ],
  "9": [
    2035.4715576171875,
    200.99220275878906
  ],
  "13": [
    507.5,
    1084.5013427734375
  ],
  "14": [
    507.99676513671875,
    2136.00390625
  ],
  "15": [
    1261.9912109375,
    1083.998046875
  ],
  "16": [
    1262.000244140625,
    2135.5
  ],
  "17": [
    2034.493408203125,
    1084.50732421875
  ],
  "18": [
    2034.00146484375,
    2136.00341796875
  ],
  "19": [
    507.5,
    3225.000244140625
  ],
  "20": [
    1262.0001220703125,
    3225.499267578125
  ],
  "21": [
    2036.500732421875,
    3225.50146484375
  ]
}